Cutoff,TCP
2,0.464405426979065
3,0.352964358329773
5,0.279552044868469
10,0.222234673500061
100,0.137287011146545
